<?xml version="1.0" encoding="UTF-8"?>
<!DOCTYPE mapper  PUBLIC "-//mybatis.org//DTD Mapper 3.0//EN"  "http://mybatis.org/dtd/mybatis-3-mapper.dtd">
<mapper namespace="com.javaP.mapper.GalleryMapper">
	<!--   <select id="getAllGallery" resultType="GalleryDto">
		SELECT * FROM GALLERYANDREPLY ORDER BY NO DESC
	</select>
	<insert id="insertGallery" parameterType="GalleryDto">
		INSERT INTO GALLERY VALUES (
									SEQ_GALLERY.NEXTVAL,
									#{title},
									#{contents},
									#{img},
									#{realImg},
									#{id},
									#{password}
								    )
	</insert>
	<insert id="insertReply" parameterType="ReplyGalleryDto">
		INSERT INTO REPLYGALLERY VALUES (
										 SEQ_REPLYGALLERY.NEXTVAL,
										 #{boardId},
										 #{reply}
										 )
	</insert>
	<select id="getAllReply" parameterType="Integer" resultType="ReplyGalleryDto">
		SELECT * FROM REPLYGALLERY WHERE BOARDID = #{boardId} ORDER BY NO DESC
	</select>
	<delete id="deleteReply" parameterType="Integer">
		DELETE FROM REPLYGALLERY WHERE NO = #{no}
	</delete>
	-->
</mapper>